"Status","Start Time","Stop Time","Duration in ms","Parent Suite","Suite","Sub Suite","Test Class","Test Method","Name","Description"
"passed","Sat Apr 17 18:03:55 GMT+08:00 2021","Sat Apr 17 18:03:55 GMT+08:00 2021","0","","Test_Demo5","","","","test_two",""
"passed","Sat Apr 17 18:03:55 GMT+08:00 2021","Sat Apr 17 18:03:55 GMT+08:00 2021","0","","test_setup_teardown","","","","test_one",""
"passed","Sat Apr 17 18:03:55 GMT+08:00 2021","Sat Apr 17 18:03:55 GMT+08:00 2021","0","","test_param_in_file","","","","test_add[int]",""
"passed","Sat Apr 17 18:03:55 GMT+08:00 2021","Sat Apr 17 18:03:55 GMT+08:00 2021","0","","Test_Demo5","TestCase","","","test_three",""
"passed","Sat Apr 17 18:03:55 GMT+08:00 2021","Sat Apr 17 18:03:55 GMT+08:00 2021","0","","Test_Demo4","","","","test_foo[2-1]",""
"passed","Sat Apr 17 18:03:55 GMT+08:00 2021","Sat Apr 17 18:03:55 GMT+08:00 2021","0","","Test_Demo3","","","","test_add[bigint]",""
"passed","Sat Apr 17 18:03:55 GMT+08:00 2021","Sat Apr 17 18:03:55 GMT+08:00 2021","0","","Test_Demo5","TestCase","","","test_four",""
"passed","Sat Apr 17 18:03:55 GMT+08:00 2021","Sat Apr 17 18:03:55 GMT+08:00 2021","0","","Test_Demo6","Test_Demo6","","","test_Demo6",""
"passed","Sat Apr 17 18:03:55 GMT+08:00 2021","Sat Apr 17 18:03:55 GMT+08:00 2021","1","","Test_Demo9","","","","test_foo[2-0]",""
"passed","Sat Apr 17 18:03:55 GMT+08:00 2021","Sat Apr 17 18:03:55 GMT+08:00 2021","1","","Test_Demo9","","","","test_foo[3-1]",""
"passed","Sat Apr 17 18:03:55 GMT+08:00 2021","Sat Apr 17 18:03:55 GMT+08:00 2021","0","","Test_Demo5","","","","test_one",""
"passed","Sat Apr 17 18:03:55 GMT+08:00 2021","Sat Apr 17 18:03:55 GMT+08:00 2021","0","","test_param_in_file","","","","test_add[minus]",""
"passed","Sat Apr 17 18:03:55 GMT+08:00 2021","Sat Apr 17 18:03:55 GMT+08:00 2021","1","","Test_Demo8","","","","test_add[int]",""
"passed","Sat Apr 17 18:03:55 GMT+08:00 2021","Sat Apr 17 18:03:55 GMT+08:00 2021","0","","Test_Demo4","","","","test_foo[3-1]",""
"passed","Sat Apr 17 18:03:55 GMT+08:00 2021","Sat Apr 17 18:03:55 GMT+08:00 2021","0","","Test_Demo3","","","","test_add[int]",""
"passed","Sat Apr 17 18:03:55 GMT+08:00 2021","Sat Apr 17 18:03:55 GMT+08:00 2021","0","","Test_Demo6","Test_Demo6","","","test_two",""
"passed","Sat Apr 17 18:03:55 GMT+08:00 2021","Sat Apr 17 18:03:55 GMT+08:00 2021","0","","Test_Demo4","","","","test_foo[2-0]",""
"passed","Sat Apr 17 18:03:55 GMT+08:00 2021","Sat Apr 17 18:03:55 GMT+08:00 2021","0","","Test_Demo2","","","","test_add[-1--2--3]",""
"passed","Sat Apr 17 18:03:55 GMT+08:00 2021","Sat Apr 17 18:03:55 GMT+08:00 2021","0","","test_fixture","Test_firstFile","","","test_two",""
"passed","Sat Apr 17 18:03:55 GMT+08:00 2021","Sat Apr 17 18:03:55 GMT+08:00 2021","1","","test_mark_study","Test_Demo2","","","test_two",""
"passed","Sat Apr 17 18:03:55 GMT+08:00 2021","Sat Apr 17 18:03:55 GMT+08:00 2021","0","","Test_Demo7","","","","test_add[3-5-8]",""
"passed","Sat Apr 17 18:03:55 GMT+08:00 2021","Sat Apr 17 18:03:55 GMT+08:00 2021","0","","Test_Demo2","","","","test_add[3-5-8]",""
"passed","Sat Apr 17 18:03:55 GMT+08:00 2021","Sat Apr 17 18:03:55 GMT+08:00 2021","0","","Test_Demo1","Test_Demo1","","","test_Demo1",""
"passed","Sat Apr 17 18:03:55 GMT+08:00 2021","Sat Apr 17 18:03:55 GMT+08:00 2021","1","","Test_Demo7","","","","test_add[-1--2--3]",""
"passed","Sat Apr 17 18:03:55 GMT+08:00 2021","Sat Apr 17 18:03:55 GMT+08:00 2021","0","","Test_Demo2","","","","test_add[100-200-300]",""
"passed","Sat Apr 17 18:03:55 GMT+08:00 2021","Sat Apr 17 18:03:55 GMT+08:00 2021","0","","Test_Demo3","","","","test_add[minus]",""
"passed","Sat Apr 17 18:03:55 GMT+08:00 2021","Sat Apr 17 18:03:55 GMT+08:00 2021","0","","test_param_in_file","","","","test_add[bigint]",""
"passed","Sat Apr 17 18:03:55 GMT+08:00 2021","Sat Apr 17 18:03:55 GMT+08:00 2021","1","","Test_Demo4","","","","test_foo[3-0]",""
"failed","Sat Apr 17 18:03:55 GMT+08:00 2021","Sat Apr 17 18:03:55 GMT+08:00 2021","1","","test_mark_study","Test_Demo2","","","test_three",""
"passed","Sat Apr 17 18:03:55 GMT+08:00 2021","Sat Apr 17 18:03:55 GMT+08:00 2021","1","","test_setup_teardown","","","","test_two",""
"passed","Sat Apr 17 18:03:55 GMT+08:00 2021","Sat Apr 17 18:03:55 GMT+08:00 2021","1","","test_setup_teardown","TestCase","","","test_four",""
"passed","Sat Apr 17 18:03:55 GMT+08:00 2021","Sat Apr 17 18:03:55 GMT+08:00 2021","1","","test_setup_teardown","TestCase","","","test_three",""
"passed","Sat Apr 17 18:03:55 GMT+08:00 2021","Sat Apr 17 18:03:55 GMT+08:00 2021","1","","Test_Demo9","","","","test_foo[3-0]",""
"passed","Sat Apr 17 18:03:55 GMT+08:00 2021","Sat Apr 17 18:03:55 GMT+08:00 2021","0","","Test_Demo9","","","","test_foo[2-1]",""
"passed","Sat Apr 17 18:03:55 GMT+08:00 2021","Sat Apr 17 18:03:55 GMT+08:00 2021","0","","test_fixture","Test_firstFile","","","test_three",""
"passed","Sat Apr 17 18:03:55 GMT+08:00 2021","Sat Apr 17 18:03:55 GMT+08:00 2021","1","","Test_Demo8","","","","test_add[bigint]",""
"passed","Sat Apr 17 18:03:55 GMT+08:00 2021","Sat Apr 17 18:03:55 GMT+08:00 2021","0","","test_fixture","Test_firstFile","","","test_one",""
"passed","Sat Apr 17 18:03:55 GMT+08:00 2021","Sat Apr 17 18:03:55 GMT+08:00 2021","0","","Test_Demo8","","","","test_add[minus]",""
"passed","Sat Apr 17 18:03:55 GMT+08:00 2021","Sat Apr 17 18:03:55 GMT+08:00 2021","0","","Test_Demo7","","","","test_add[100-200-300]",""
